,mean_agreement_rate,std_agreement_rate,mean_unique_answers,categories_with_single_answer,mean_semantic_diversity
claude-sonnet-4-5,0.725,0.242582262018792,2.6,13.0,0.48021423518657685
gemini-2.0-flash,0.74,0.2250925735484551,2.825,8.0,0.5642903596162796
gpt-4.1,0.6475,0.24908808039501165,3.15,9.0,0.5362423300743103
llama-4-maverick,0.6699999999999999,0.23772425310182493,3.15,7.0,0.5902666099369526
qwen3-235b,0.5027777777777778,0.195638469566726,5.25,0.0,0.7974280814329783
