{
  "agreement_vs_chance": {
    "t": 31.631169090785423,
    "p": 2.2980740235715783e-73,
    "mean": 0.682170542635659
  },
  "paradox_vs_threshold": {
    "t": -0.6752607598345769,
    "p": 0.5034942788014847,
    "mean": 0.3825
  }
}